{
    "$schema": "https://schema.management.azure.com/schemas/2015-01-01/deploymentParameters.json#",
    "contentVersion": "1.0.0.0",
    "parameters": {
        "subscriptionId": {
            "value": "f27956ae-b538-441d-ae8b-c12d1a90f8d8"
        },
        "name": {
            "value": "container-job-test"
        },
        "location": {
            "value": "eastus"
        },
        "environmentId": {
            "value": "/subscriptions/f27956ae-b538-441d-ae8b-c12d1a90f8d8/resourceGroups/vordentech-dbt-test/providers/Microsoft.App/managedEnvironments/managedEnvironment-vordentechdbtte-b869"
        },
        "containers": {
            "value": [
                {
                    "name": "container-job-test",
                    "image": "docker.io/hello-world:latest",
                    "command": [],
                    "resources": {
                        "cpu": "0.25",
                        "memory": ".5Gi"
                    }
                }
            ]
        },
        "registries": {
            "value": []
        },
        "secrets": {
            "value": {
                "arrayValue": []
            }
        },
        "environmentName": {
            "value": "managedEnvironment-vordentechdbtte-b869"
        },
        "workspaceName": {
            "value": "workspacevordentechdbttest9b70"
        },
        "workspaceLocation": {
            "value": "eastus"
        }
    }
}